{
  "rssi": [
    -46.97206175515759,
    -39.27071280009172,
    -50.859202152744054,
    -51.59736280204472,
    -46.145576620810154,
    -46.855779972574766,
    -53.89914250881708,
    -37.87925458557541,
    -47.51250251427489,
    -47.81250987718695,
    -46.284523351751105,
    -46.796083405095544,
    -47.682919377290524,
    -45.643286558589736,
    -47.70466953254618,
    -49.14044141547025,
    -38.99876877425836,
    -40.73191644971435,
    -45.68026780381093,
    -48.21741893372811,
    -46.678289472102094,
    -36.096255996069424,
    -44.283963733958466,
    -38.900145435555324,
    -48.31151865115269,
    -53.721020011401414,
    -51.245579685739756,
    -38.944647550319594,
    -45.67057563285077,
    -45.61687269361141,
    -40.04761172109972,
    -47.144214416559606,
    -47.55273931806703,
    -36.98033268064,
    -46.13037904381494,
    -44.15949416893299,
    -40.07138850452939,
    -48.463551530700194,
    -48.28454484541206,
    -40.33167663182128,
    -56.66422522922809,
    -46.33303075655886,
    -40.02024403251809,
    -47.12600193414708,
    -46.29844119252754,
    -48.78423994399734,
    -40.78022537451476,
    -52.92851669872997,
    -48.50819487782201,
    -56.519655644116774
  ],
  "snr": [
    53.02929623347636,
    59.6312559637346,
    49.17412519203797,
    48.369445155819314,
    53.8126225702249,
    53.18268510442639,
    46.084067182802855,
    59.79069330759045,
    52.469809386149215,
    52.14274001821139,
    53.7398790802033,
    53.16518996166996,
    52.305704118266,
    54.44290818208865,
    52.378181186108215,
    50.88908124176633,
    59.41046824511669,
    58.75318219252689,
    54.359546837006384,
    51.77283682367101,
    53.297076859766996,
    59.98817806359946,
    55.58770792734978,
    59.64040130498401,
    51.687893366639365,
    46.302191940867644,
    48.79586218804164,
    59.886793013863006,
    54.287260618527114,
    54.36224426137214,
    59.10547463692437,
    52.871070617602165,
    52.466458127271345,
    59.91323115492024,
    53.855477729903306,
    55.76149498057384,
    58.98039715914382,
    51.509178680941226,
    51.71570907374693,
    59.0899614650279,
    43.3332655177675,
    53.691826289726066,
    59.04419959079902,
    52.83527853758981,
    53.68159746490025,
    51.2234117215081,
    58.778484679295545,
    47.07324779774296,
    51.495647579968775,
    43.45643985223767
  ],
  "reward": [
    8.912579763884423,
    8.887413985234161,
    8.84610487089958,
    8.999021387018729,
    8.887492383113567,
    8.931085344440362,
    8.971491204109043,
    8.886338055963279,
    8.930711993350542,
    8.935983658811892,
    8.887114231292799,
    8.868851803268626,
    8.9121917594166,
    8.966653622483136,
    9.004523264982708,
    8.8718823257841,
    8.95324685772357,
    8.958544819921372,
    8.94563252466287,
    8.911504851948848,
    8.945888365055907,
    8.949084000865696,
    8.930896641461004,
    8.842994652331981,
    8.974682670610491,
    9.013513491736376,
    8.993007244913315,
    8.887095756682811,
    8.946116973675089,
    8.949166406976474,
    8.843013215635438,
    8.945961891495244,
    8.915898680084865,
    8.885703082189139,
    8.956935058857198,
    8.810895614064066,
    8.841392578789964,
    8.873100776416322,
    8.842961948360426,
    8.977065863895405,
    7.788739472918678,
    8.946147950216982,
    8.88751203393258,
    8.939072309352923,
    8.887303388848522,
    8.899599389260402,
    8.93971371880616,
    8.943964565638453,
    8.892486101598479,
    8.499019994400442
  ],
  "steps": [
    200,
    200,
    200,
    200,
    200,
    200,
    200,
    200,
    200,
    200,
    200,
    200,
    200,
    200,
    200,
    200,
    200,
    200,
    200,
    200,
    200,
    200,
    200,
    200,
    200,
    200,
    200,
    200,
    200,
    200,
    200,
    200,
    200,
    200,
    200,
    200,
    200,
    200,
    200,
    200,
    200,
    200,
    200,
    200,
    200,
    200,
    200,
    200,
    200,
    200
  ]
}