{
  "episode_rewards": [
    32.71616744995117,
    8.776721000671387,
    8.987662315368652,
    9.018898963928223,
    9.046809196472168,
    8.913620948791504,
    8.907173156738281,
    8.906990051269531,
    9.049200057983398,
    9.04859447479248,
    9.062744140625,
    9.002021789550781,
    9.062176704406738,
    9.039216995239258,
    9.077356338500977,
    9.076440811157227,
    9.053540229797363,
    9.04598331451416,
    8.944368362426758,
    9.046396255493164,
    9.019801139831543,
    9.06777572631836,
    9.071015357971191,
    9.0691499710083,
    9.113012313842773,
    9.054221153259277,
    9.070335388183594,
    8.973106384277344,
    9.085736274719238,
    9.086772918701172,
    8.950218200683594,
    9.083281517028809,
    9.230382919311523,
    9.076265335083008,
    9.09195613861084,
    9.087160110473633,
    9.103882789611816,
    9.089537620544434,
    9.09244155883789,
    9.088537216186523,
    9.19405746459961,
    9.092026710510254,
    9.017213821411133,
    8.956015586853027,
    9.118009567260742,
    9.061543464660645,
    9.110673904418945,
    9.100011825561523,
    9.08318042755127,
    8.961979866027832,
    9.081985473632812,
    8.976629257202148,
    9.083730697631836,
    9.093880653381348,
    9.09465503692627,
    9.20734977722168,
    8.977933883666992,
    8.992506980895996,
    9.095131874084473,
    9.20288372039795,
    8.95580768585205,
    9.085362434387207,
    9.082975387573242,
    9.084188461303711,
    9.034388542175293,
    8.993722915649414,
    9.102871894836426,
    9.09382152557373,
    9.141448020935059,
    9.045173645019531,
    9.092453956604004,
    9.102095603942871,
    9.126932144165039,
    9.206512451171875,
    9.094376564025879,
    9.112744331359863,
    8.972559928894043,
    8.98442268371582,
    9.101530075073242,
    9.099587440490723,
    9.059630393981934,
    9.102614402770996,
    9.102777481079102,
    9.111741065979004,
    9.050247192382812,
    9.018472671508789,
    8.985376358032227,
    9.061975479125977,
    9.070634841918945,
    8.999618530273438,
    9.090598106384277,
    9.163677215576172,
    9.080933570861816,
    9.07595443725586,
    9.056681632995605,
    9.121993064880371,
    9.168037414550781,
    9.112560272216797,
    8.979057312011719,
    9.00130844116211
  ],
  "episode_rssi": [
    -40.73388514368244,
    -38.30477874748002,
    -33.95888482665232,
    -34.577682567472586,
    -32.95809284738077,
    -30.0,
    -30.0,
    -37.695898513804394,
    -34.11445878862584,
    -33.716188710758864,
    -33.775137698627816,
    -38.908646706954094,
    -33.32913293459419,
    -36.21838054322732,
    -32.84864857341095,
    -40.66202970360512,
    -34.702759306173895,
    -33.91378342186852,
    -30.03378380779946,
    -33.47779471391684,
    -33.11949547705443,
    -33.686560347526985,
    -34.00700668978775,
    -32.50337631518856,
    -37.273854635988684,
    -30.001350504238772,
    -34.642409174269325,
    -46.976876440479735,
    -33.537897846252974,
    -33.509198039278935,
    -30.0,
    -33.7370174159998,
    -34.93550140837048,
    -33.69171321844062,
    -31.94305910916434,
    -32.494886158865505,
    -31.93247145823661,
    -35.760250567678476,
    -33.46951662126086,
    -40.298573105962795,
    -35.586137866712406,
    -32.82196605327108,
    -30.013650901682777,
    -30.000652724631763,
    -34.277947908237536,
    -35.71426714223301,
    -37.71002809044851,
    -32.776472094040294,
    -33.42035386413822,
    -30.0,
    -32.56123633159301,
    -30.011676676275275,
    -33.135405243214294,
    -40.85189873170084,
    -34.47975367118315,
    -32.30220790768103,
    -30.0,
    -30.0,
    -31.7104969054527,
    -33.922539684579895,
    -30.0,
    -33.105253909783826,
    -41.72282558898263,
    -41.5823624745835,
    -38.114536374488246,
    -30.0,
    -33.02253365131521,
    -32.57520131256766,
    -34.074161105424544,
    -34.68881664855086,
    -34.935486015932725,
    -32.272196115389235,
    -36.24167938661873,
    -34.67848952840304,
    -32.10342128858443,
    -46.602936983017806,
    -30.0,
    -30.018752700961542,
    -33.10442931550253,
    -33.56752223786705,
    -34.06846025553923,
    -34.256706147441,
    -33.2599060650353,
    -41.20189131535948,
    -34.375638711148184,
    -46.413775841013006,
    -30.0,
    -40.635646406475054,
    -30.030043773147028,
    -30.0,
    -34.51391216430247,
    -45.63144091330122,
    -33.10053140480884,
    -35.26825672443848,
    -42.62261082788843,
    -34.54436162000255,
    -46.43564679681065,
    -31.649116769585834,
    -30.0,
    -30.0
  ],
  "episode_snr": [
    59.20371480505274,
    59.59100502624002,
    60.0,
    60.0,
    60.0,
    60.0,
    60.0,
    59.794575315664005,
    60.0,
    60.0,
    60.0,
    58.88297282315356,
    60.0,
    59.970008322957234,
    60.0,
    57.33237235009723,
    60.0,
    60.0,
    60.0,
    60.0,
    60.0,
    60.0,
    60.0,
    60.0,
    59.50737546586119,
    60.0,
    60.0,
    52.99014034451025,
    60.0,
    60.0,
    60.0,
    60.0,
    59.84440026421012,
    60.0,
    60.0,
    60.0,
    60.0,
    59.98095389419999,
    60.0,
    59.50426751479185,
    59.98205049144939,
    60.0,
    60.0,
    60.0,
    60.0,
    59.98902038636039,
    59.621246151838406,
    60.0,
    60.0,
    60.0,
    60.0,
    60.0,
    60.0,
    59.14760554540762,
    60.0,
    59.99628897981263,
    60.0,
    60.0,
    60.0,
    60.0,
    60.0,
    60.0,
    58.28787050716959,
    58.39926371221734,
    59.41447616939429,
    60.0,
    60.0,
    60.0,
    60.0,
    60.0,
    60.0,
    60.0,
    59.830223372844046,
    59.936937861801525,
    60.0,
    53.428354568747736,
    60.0,
    60.0,
    60.0,
    60.0,
    59.98765662536056,
    60.0,
    60.0,
    58.71935759046135,
    59.990529259621496,
    53.584612039204856,
    60.0,
    58.59916803347185,
    60.0,
    60.0,
    59.9606299701739,
    54.325554402463695,
    60.0,
    59.98615321374753,
    56.67684254460991,
    59.99834965636101,
    53.58330206817879,
    60.0,
    60.0,
    60.0
  ]
}